Date,regime,regime_name,weight,confidence
2020-01-02,2,Low-vol Rally,0.5,1.0
2020-01-03,0,Crisis,0.0,0.8192969217850468
2020-01-06,0,Crisis,0.0,0.9468750876446088
2020-01-07,0,Crisis,0.0,0.9345386863705815
2020-01-08,0,Crisis,0.0,0.9138481957753098
2020-01-09,4,High-vol Rally,0.5,0.7685868589988287
2020-01-10,4,High-vol Rally,0.5,0.9662248764311275
2020-01-13,4,High-vol Rally,0.5,0.9988783760060007
2020-01-14,4,High-vol Rally,0.5,0.9997618889923366
2020-01-15,4,High-vol Rally,0.5,0.9996053878074543
2020-01-16,4,High-vol Rally,0.5,0.9955304297171739
2020-01-17,4,High-vol Rally,0.5,0.9554241451611956
2020-01-20,2,Low-vol Rally,0.5,0.6399567645342675
2020-01-21,2,Low-vol Rally,0.5,0.7217774948057462
2020-01-22,2,Low-vol Rally,0.5,0.7317376165653154
2020-01-23,2,Low-vol Rally,0.5,0.6896351896340293
2020-01-24,2,Low-vol Rally,0.5,0.6449288280933976
2020-01-27,0,Crisis,0.0,0.9715070095650157
2020-01-28,0,Crisis,0.0,0.9964485413559804
2020-01-29,0,Crisis,0.0,0.9987070735052076
2020-01-30,0,Crisis,0.0,0.9999936811927458
2020-01-31,0,Crisis,0.0,0.9999928504404139
2020-02-03,0,Crisis,0.0,0.9999959262141817
2020-02-04,0,Crisis,0.0,0.9999972102271192
2020-02-05,0,Crisis,0.0,0.9999924121435949
2020-02-06,0,Crisis,0.0,0.9996575342080505
2020-02-07,0,Crisis,0.0,0.9997948996181387
2020-02-10,0,Crisis,0.0,0.9999511685954883
2020-02-11,0,Crisis,0.0,0.9999677006031067
2020-02-12,0,Crisis,0.0,0.9995300613112954
2020-02-13,0,Crisis,0.0,0.9984657026798183
2020-02-14,0,Crisis,0.0,0.9987233244670297
2020-02-17,0,Crisis,0.0,0.9990524134272861
2020-02-18,0,Crisis,0.0,0.9993549083334178
2020-02-19,0,Crisis,0.0,0.9919664693304842
2020-02-20,0,Crisis,0.0,0.991772000394177
2020-02-21,0,Crisis,0.0,0.9983118857461283
2020-02-24,0,Crisis,0.0,0.9999999757237678
2020-02-25,0,Crisis,0.0,0.9999906769878947
2020-02-26,0,Crisis,0.0,0.9999493965040663
2020-02-27,0,Crisis,0.0,0.999999624979025
2020-02-28,0,Crisis,0.0,0.999999999479769
2020-03-02,0,Crisis,0.0,0.9999990206529467
2020-03-03,0,Crisis,0.0,0.9999947929090067
2020-03-04,0,Crisis,0.0,0.9998843075362943
2020-03-05,0,Crisis,0.0,0.9999337887331406
2020-03-06,0,Crisis,0.0,0.9999315910507502
2020-03-09,0,Crisis,0.0,0.9999999714455048
2020-03-10,0,Crisis,0.0,0.9999782786502582
2020-03-11,0,Crisis,0.0,0.9999999665742513
2020-03-12,0,Crisis,0.0,0.999999999992724
2020-03-13,0,Crisis,0.0,1.0
2020-03-16,0,Crisis,0.0,0.9999999993597157
2020-03-17,0,Crisis,0.0,0.999999587831638
2020-03-18,0,Crisis,0.0,0.9941603170630918
2020-03-19,1,High-vol Rally,0.5,0.9999999978463165
2020-03-20,1,High-vol Rally,0.5,0.9999999983992893
2020-03-23,1,High-vol Rally,0.5,1.0
2020-03-24,1,High-vol Rally,0.5,1.0
2020-03-25,1,High-vol Rally,0.5,1.0
2020-03-26,1,High-vol Rally,0.5,1.0
2020-03-27,1,High-vol Rally,0.5,1.0
2020-03-30,1,High-vol Rally,0.5,1.0
2020-03-31,1,High-vol Rally,0.5,1.0
2020-04-01,1,High-vol Rally,0.5,1.0
2020-04-02,1,High-vol Rally,0.5,1.0
2020-04-03,1,High-vol Rally,0.5,1.0
2020-04-06,1,High-vol Rally,0.5,1.0
2020-04-07,1,High-vol Rally,0.5,1.0
2020-04-08,1,High-vol Rally,0.5,1.0
2020-04-09,1,High-vol Rally,0.5,1.0
2020-04-10,1,High-vol Rally,0.5,1.0
2020-04-13,1,High-vol Rally,0.5,1.0
2020-04-14,1,High-vol Rally,0.5,1.0
2020-04-15,1,High-vol Rally,0.5,1.0
2020-04-16,1,High-vol Rally,0.5,1.0
2020-04-17,1,High-vol Rally,0.5,1.0
2020-04-20,1,High-vol Rally,0.5,1.0
2020-04-21,1,High-vol Rally,0.5,1.0
2020-04-22,1,High-vol Rally,0.5,1.0
2020-04-23,1,High-vol Rally,0.5,1.0
2020-04-24,1,High-vol Rally,0.5,1.0
2020-04-27,1,High-vol Rally,0.5,1.0
2020-04-28,1,High-vol Rally,0.5,1.0
2020-04-29,1,High-vol Rally,0.5,1.0
2020-04-30,1,High-vol Rally,0.5,1.0
2020-05-01,1,High-vol Rally,0.5,1.0
2020-05-04,1,High-vol Rally,0.5,1.0
2020-05-05,1,High-vol Rally,0.5,1.0
2020-05-06,1,High-vol Rally,0.5,1.0
2020-05-07,1,High-vol Rally,0.5,1.0
2020-05-08,1,High-vol Rally,0.5,1.0
2020-05-11,1,High-vol Rally,0.5,1.0
2020-05-12,1,High-vol Rally,0.5,1.0
2020-05-13,1,High-vol Rally,0.5,1.0
2020-05-14,1,High-vol Rally,0.5,1.0
2020-05-15,1,High-vol Rally,0.5,1.0
2020-05-18,1,High-vol Rally,0.5,1.0
2020-05-19,1,High-vol Rally,0.5,1.0
2020-05-20,1,High-vol Rally,0.5,1.0
2020-05-21,1,High-vol Rally,0.5,1.0
2020-05-22,1,High-vol Rally,0.5,1.0
2020-05-25,1,High-vol Rally,0.5,1.0
2020-05-26,1,High-vol Rally,0.5,1.0
2020-05-27,1,High-vol Rally,0.5,1.0
2020-05-28,1,High-vol Rally,0.5,1.0
2020-05-29,1,High-vol Rally,0.5,1.0
2020-06-01,1,High-vol Rally,0.5,1.0
2020-06-02,1,High-vol Rally,0.5,1.0
2020-06-03,1,High-vol Rally,0.5,1.0
2020-06-04,1,High-vol Rally,0.5,1.0
2020-06-05,1,High-vol Rally,0.5,1.0
2020-06-08,1,High-vol Rally,0.5,1.0
2020-06-09,1,High-vol Rally,0.5,1.0
2020-06-10,1,High-vol Rally,0.5,1.0
2020-06-11,1,High-vol Rally,0.5,1.0
2020-06-12,1,High-vol Rally,0.5,1.0
2020-06-15,1,High-vol Rally,0.5,1.0
2020-06-16,1,High-vol Rally,0.5,1.0
2020-06-17,1,High-vol Rally,0.5,1.0
2020-06-18,1,High-vol Rally,0.5,1.0
2020-06-19,1,High-vol Rally,0.5,1.0
2020-06-22,1,High-vol Rally,0.5,1.0
2020-06-23,1,High-vol Rally,0.5,1.0
2020-06-24,1,High-vol Rally,0.5,1.0
2020-06-25,1,High-vol Rally,0.5,1.0
2020-06-26,1,High-vol Rally,0.5,1.0
2020-06-29,1,High-vol Rally,0.5,1.0
2020-06-30,1,High-vol Rally,0.5,1.0
2020-07-01,1,High-vol Rally,0.5,0.9999999999781721
2020-07-02,1,High-vol Rally,0.5,0.9999999999781721
2020-07-03,1,High-vol Rally,0.5,0.999999999996362
2020-07-06,1,High-vol Rally,0.5,0.999999999996362
2020-07-07,1,High-vol Rally,0.5,0.999999999996362
2020-07-08,1,High-vol Rally,0.5,0.999999999996362
2020-07-09,1,High-vol Rally,0.5,0.9999999999818101
2020-07-10,1,High-vol Rally,0.5,0.9999999980318535
2020-07-13,1,High-vol Rally,0.5,0.9999967131388433
2020-07-14,1,High-vol Rally,0.5,0.9375620300098181
2020-07-15,4,High-vol Rally,0.5,0.9741761318139894
2020-07-16,4,High-vol Rally,0.5,0.9964124068027854
2020-07-17,4,High-vol Rally,0.5,0.9998899685636718
2020-07-20,4,High-vol Rally,0.5,0.9995390916266068
2020-07-21,4,High-vol Rally,0.5,0.9979614488772647
2020-07-22,4,High-vol Rally,0.5,0.84702739207349
2020-07-23,4,High-vol Rally,0.5,0.7124816382666742
2020-07-24,4,High-vol Rally,0.5,0.49989319093412143
2020-07-27,0,Crisis,0.0,0.8244145303459357
2020-07-28,0,Crisis,0.0,0.9470763803994351
2020-07-29,0,Crisis,0.0,0.9790038883055138
2020-07-30,0,Crisis,0.0,0.9969395253039127
2020-07-31,0,Crisis,0.0,0.9993404055900298
2020-08-03,0,Crisis,0.0,0.999234194097667
2020-08-04,0,Crisis,0.0,0.9997839724088916
2020-08-05,0,Crisis,0.0,0.9997626576490902
2020-08-06,0,Crisis,0.0,0.9998805654783373
2020-08-07,0,Crisis,0.0,0.9995100435553733
2020-08-10,0,Crisis,0.0,0.9987545888932292
2020-08-11,0,Crisis,0.0,0.9267926086769392
2020-08-12,0,Crisis,0.0,0.5679357629183632
2020-08-13,5,High-vol Rally,1.0,0.9662154714286592
2020-08-14,5,High-vol Rally,1.0,0.9901963144615586
2020-08-17,5,High-vol Rally,1.0,0.9750696600724861
2020-08-18,5,High-vol Rally,1.0,0.9003025711847551
2020-08-19,5,High-vol Rally,1.0,0.8591511723160073
2020-08-20,5,High-vol Rally,1.0,0.8438435839410329
2020-08-21,5,High-vol Rally,1.0,0.8708103345937104
2020-08-24,5,High-vol Rally,1.0,0.8693750640627613
2020-08-25,5,High-vol Rally,1.0,0.7973824757229336
2020-08-26,5,High-vol Rally,1.0,0.7044965508869435
2020-08-27,5,High-vol Rally,1.0,0.614101270513649
2020-08-28,5,High-vol Rally,1.0,0.49304100220226416
2020-08-31,4,High-vol Rally,0.5,0.8814843963522387
2020-09-01,4,High-vol Rally,0.5,0.9931159483309584
2020-09-02,4,High-vol Rally,0.5,0.9998094397905567
2020-09-03,4,High-vol Rally,0.5,0.9999938674197216
2020-09-04,4,High-vol Rally,0.5,0.9999991633161561
2020-09-07,4,High-vol Rally,0.5,0.9999990795335778
2020-09-08,4,High-vol Rally,0.5,0.9999981334566794
2020-09-09,4,High-vol Rally,0.5,0.9999998730818415
2020-09-10,4,High-vol Rally,0.5,0.9999998446801449
2020-09-11,4,High-vol Rally,0.5,0.9999895124569478
2020-09-14,4,High-vol Rally,0.5,0.9998812889606988
2020-09-15,4,High-vol Rally,0.5,0.9992093403280745
2020-09-16,4,High-vol Rally,0.5,0.9898130406119585
2020-09-17,4,High-vol Rally,0.5,0.9240801189570528
2020-09-18,0,Crisis,0.0,0.46181567364199716
2020-09-21,0,Crisis,0.0,0.49846311497336115
2020-09-22,0,Crisis,0.0,0.575906114445043
2020-09-23,0,Crisis,0.0,0.7451098551964163
2020-09-24,0,Crisis,0.0,0.8447440301340656
2020-09-25,0,Crisis,0.0,0.8556368415628078
2020-09-28,0,Crisis,0.0,0.8569819204320285
2020-09-29,0,Crisis,0.0,0.8335989446820192
2020-09-30,0,Crisis,0.0,0.8731072867929724
2020-10-02,0,Crisis,0.0,0.9740014015679663
2020-10-05,0,Crisis,0.0,0.9957793891197697
2020-10-06,0,Crisis,0.0,0.9933671999889014
2020-10-07,0,Crisis,0.0,0.9828937057814578
2020-10-08,0,Crisis,0.0,0.9218243470605261
2020-10-09,0,Crisis,0.0,0.8498953900949225
2020-10-12,0,Crisis,0.0,0.5126022913603386
2020-10-13,3,Low-vol Rally,0.5,0.9846141447173196
2020-10-14,3,Low-vol Rally,0.5,0.9992244582371806
2020-10-15,3,Low-vol Rally,0.5,0.9998281677527543
2020-10-16,3,Low-vol Rally,0.5,0.999930755970177
2020-10-19,3,Low-vol Rally,0.5,0.9999545032824265
2020-10-20,3,Low-vol Rally,0.5,0.9999626909714235
2020-10-21,3,Low-vol Rally,0.5,0.9999843858841198
2020-10-22,3,Low-vol Rally,0.5,0.9999976492245315
2020-10-23,3,Low-vol Rally,0.5,0.9999972541737815
2020-10-26,3,Low-vol Rally,0.5,0.9999907246013185
2020-10-27,3,Low-vol Rally,0.5,0.9994167956317259
2020-10-28,3,Low-vol Rally,0.5,0.9916708102530508
2020-10-29,3,Low-vol Rally,0.5,0.9174136064957683
2020-10-30,0,Crisis,0.0,0.9968186739070686
2020-11-02,0,Crisis,0.0,0.9994344887344278
2020-11-03,0,Crisis,0.0,0.9414800287248853
2020-11-04,0,Crisis,0.0,0.5249402920217581
2020-11-05,4,High-vol Rally,0.5,0.9726354822932053
2020-11-06,4,High-vol Rally,0.5,0.9997072978851637
2020-11-09,4,High-vol Rally,0.5,0.999929311964614
2020-11-10,4,High-vol Rally,0.5,0.9976734815246928
2020-11-11,4,High-vol Rally,0.5,0.9818232315944783
2020-11-12,4,High-vol Rally,0.5,0.9619656067597497
2020-11-13,4,High-vol Rally,0.5,0.9288362558265215
2020-11-16,4,High-vol Rally,0.5,0.9134678410800432
2020-11-17,4,High-vol Rally,0.5,0.9093248528340897
2020-11-18,4,High-vol Rally,0.5,0.9041420097884899
2020-11-19,4,High-vol Rally,0.5,0.8985114006920114
2020-11-20,4,High-vol Rally,0.5,0.8781494736888342
2020-11-23,4,High-vol Rally,0.5,0.7765392433660299
2020-11-24,4,High-vol Rally,0.5,0.7713858890261214
2020-11-25,4,High-vol Rally,0.5,0.6598457922274447
2020-11-26,4,High-vol Rally,0.5,0.5441690483251975
2020-11-27,2,Low-vol Rally,0.5,0.6609191661796041
2020-11-30,2,Low-vol Rally,0.5,0.8326234234577472
2020-12-01,2,Low-vol Rally,0.5,0.9910180852206384
2020-12-02,2,Low-vol Rally,0.5,0.99998971762227
2020-12-03,2,Low-vol Rally,0.5,0.9999979056687256
2020-12-04,2,Low-vol Rally,0.5,0.9999979795413713
2020-12-07,2,Low-vol Rally,0.5,0.9999963622315364
2020-12-08,2,Low-vol Rally,0.5,0.9999656962490358
2020-12-09,2,Low-vol Rally,0.5,0.9999970062171336
2020-12-10,2,Low-vol Rally,0.5,0.9999966408269788
2020-12-11,2,Low-vol Rally,0.5,0.999994918134869
2020-12-14,2,Low-vol Rally,0.5,0.9999699940990329
2020-12-15,2,Low-vol Rally,0.5,0.999795668900416
2020-12-16,2,Low-vol Rally,0.5,0.9979995682325933
2020-12-17,2,Low-vol Rally,0.5,0.9907061509821694
2020-12-18,2,Low-vol Rally,0.5,0.9610673070234711
2020-12-21,2,Low-vol Rally,0.5,0.724822714715546
2020-12-22,0,Crisis,0.0,0.8549560462960762
2020-12-23,0,Crisis,0.0,0.9539821161600851
2020-12-24,0,Crisis,0.0,0.958994180480032
2020-12-25,0,Crisis,0.0,0.9565862943214871
2020-12-28,0,Crisis,0.0,0.8867900076201636
2020-12-29,0,Crisis,0.0,0.6266566087892023
2020-12-30,4,High-vol Rally,0.5,0.940392483092558
2020-12-31,4,High-vol Rally,0.5,0.9906104644929398
2021-01-04,4,High-vol Rally,0.5,0.9860281791671578
2021-01-05,4,High-vol Rally,0.5,0.9773742280103204
2021-01-06,4,High-vol Rally,0.5,0.8524618559303325
2021-01-07,0,Crisis,0.0,0.729330538121821
2021-01-08,1,High-vol Rally,0.5,0.736534652337063
2021-01-11,1,High-vol Rally,0.5,0.7505492555434629
2021-01-12,1,High-vol Rally,0.5,0.7839163796139468
2021-01-13,1,High-vol Rally,0.5,0.8015808463698267
2021-01-14,1,High-vol Rally,0.5,0.8227563383498208
2021-01-15,1,High-vol Rally,0.5,0.8675589655857477
2021-01-18,1,High-vol Rally,0.5,0.950049116009469
2021-01-19,1,High-vol Rally,0.5,0.9999994023020885
2021-01-20,1,High-vol Rally,0.5,0.999999988522177
2021-01-21,1,High-vol Rally,0.5,0.9999999958199624
2021-01-22,1,High-vol Rally,0.5,0.9999999962601578
2021-01-25,1,High-vol Rally,0.5,0.999999997595296
2021-01-26,1,High-vol Rally,0.5,0.999999997598934
2021-01-27,1,High-vol Rally,0.5,0.9999999989122443
2021-01-28,1,High-vol Rally,0.5,0.9999999989231583
2021-01-29,1,High-vol Rally,0.5,0.9999999995488906
2021-02-01,1,High-vol Rally,0.5,1.0
2021-02-02,1,High-vol Rally,0.5,1.0
2021-02-03,1,High-vol Rally,0.5,1.0
2021-02-04,1,High-vol Rally,0.5,1.0
2021-02-05,1,High-vol Rally,0.5,1.0
2021-02-08,1,High-vol Rally,0.5,0.9999999999599822
2021-02-09,1,High-vol Rally,0.5,0.9999999999381544
2021-02-10,1,High-vol Rally,0.5,0.9999999999636202
2021-02-11,1,High-vol Rally,0.5,0.9999999997562554
2021-02-12,1,High-vol Rally,0.5,0.9999999964165909
2021-02-15,1,High-vol Rally,0.5,0.9999999427564051
2021-02-16,1,High-vol Rally,0.5,0.9999970738724252
2021-02-17,1,High-vol Rally,0.5,0.999996926141825
2021-02-18,1,High-vol Rally,0.5,0.9999955741939344
2021-02-19,1,High-vol Rally,0.5,0.9999951817560604
2021-02-22,1,High-vol Rally,0.5,0.9999946096395195
2021-02-23,1,High-vol Rally,0.5,0.9999945003406794
2021-02-24,1,High-vol Rally,0.5,0.9999945322383026
2021-02-25,1,High-vol Rally,0.5,0.9999999453611977
2021-02-26,1,High-vol Rally,0.5,0.9999999123938362
2021-03-01,1,High-vol Rally,0.5,0.9993145453698107
2021-03-02,4,High-vol Rally,0.5,0.5264768586765863
2021-03-03,0,Crisis,0.0,0.46272803710967714
2021-03-04,0,Crisis,0.0,0.6817035320980176
2021-03-05,0,Crisis,0.0,0.9289149485005959
2021-03-08,0,Crisis,0.0,0.9904363236918539
2021-03-09,0,Crisis,0.0,0.9991375869790702
2021-03-10,0,Crisis,0.0,0.9987495311972489
2021-03-11,0,Crisis,0.0,0.9846452623943374
2021-03-12,0,Crisis,0.0,0.9350913342813798
2021-03-15,0,Crisis,0.0,0.9709234947265974
2021-03-16,0,Crisis,0.0,0.9838747363854004
2021-03-17,0,Crisis,0.0,0.9881149003750487
2021-03-18,0,Crisis,0.0,0.9862748499085691
2021-03-19,0,Crisis,0.0,0.9916331064046616
2021-03-22,0,Crisis,0.0,0.9954822060866775
2021-03-23,0,Crisis,0.0,0.9995981101509238
2021-03-24,0,Crisis,0.0,0.9998409341963982
2021-03-25,0,Crisis,0.0,0.9999343566023818
2021-03-26,0,Crisis,0.0,0.9997675489665431
2021-03-29,0,Crisis,0.0,0.9997253312056225
2021-03-30,0,Crisis,0.0,0.9997104359212895
2021-03-31,0,Crisis,0.0,0.9997970770498396
2021-04-01,0,Crisis,0.0,0.9996204228375242
2021-04-02,0,Crisis,0.0,0.9973599920941413
2021-04-05,0,Crisis,0.0,0.9903892546610461
2021-04-06,0,Crisis,0.0,0.9811117268406936
2021-04-07,0,Crisis,0.0,0.9561700061918067
2021-04-08,0,Crisis,0.0,0.7527705322183952
2021-04-09,2,Low-vol Rally,0.5,0.5345434985860189
2021-04-12,2,Low-vol Rally,0.5,0.6671407513416601
2021-04-13,2,Low-vol Rally,0.5,0.7313660238490616
2021-04-14,2,Low-vol Rally,0.5,0.7148783581279432
2021-04-15,2,Low-vol Rally,0.5,0.6900866521942829
2021-04-16,2,Low-vol Rally,0.5,0.622852995474819
2021-04-19,2,Low-vol Rally,0.5,0.40551266186094975
2021-04-20,0,Crisis,0.0,0.8705994581491578
2021-04-21,0,Crisis,0.0,0.9968647948230384
2021-04-22,0,Crisis,0.0,0.9992979813570149
2021-04-23,0,Crisis,0.0,0.9997218529789895
2021-04-26,0,Crisis,0.0,0.9997809650368347
2021-04-27,0,Crisis,0.0,0.9993717983498398
2021-04-28,0,Crisis,0.0,0.9997982196496102
2021-04-29,0,Crisis,0.0,0.9997666297397548
2021-04-30,0,Crisis,0.0,0.9999150975810113
2021-05-03,0,Crisis,0.0,0.9999586523225891
2021-05-04,0,Crisis,0.0,0.9999503896188783
2021-05-05,0,Crisis,0.0,0.9999753879028712
2021-05-06,0,Crisis,0.0,0.9999295559684608
2021-05-07,0,Crisis,0.0,0.9999348442451852
2021-05-10,0,Crisis,0.0,0.9997980740107044
2021-05-11,0,Crisis,0.0,0.9999872101342864
2021-05-12,0,Crisis,0.0,0.9999093387332068
2021-05-13,0,Crisis,0.0,0.9999994582141529
2021-05-14,0,Crisis,0.0,0.9999912480544568
2021-05-17,0,Crisis,0.0,0.9999953891744442
2021-05-18,0,Crisis,0.0,0.999758033656815
2021-05-19,0,Crisis,0.0,0.9996089019326202
2021-05-20,0,Crisis,0.0,0.9993453568976306
2021-05-21,0,Crisis,0.0,0.9991437640730274
2021-05-24,0,Crisis,0.0,0.9997519729923984
2021-05-25,0,Crisis,0.0,0.9995595745331056
2021-05-26,0,Crisis,0.0,0.9997661390110468
2021-05-27,0,Crisis,0.0,0.9994137134876735
2021-05-28,0,Crisis,0.0,0.9963787226924682
2021-05-31,0,Crisis,0.0,0.9342777902460113
2021-06-01,3,Low-vol Rally,0.5,0.5537689559397371
2021-06-02,3,Low-vol Rally,0.5,0.8395993684766666
2021-06-03,3,Low-vol Rally,0.5,0.9367008016745433
2021-06-04,3,Low-vol Rally,0.5,0.956232104311961
2021-06-07,3,Low-vol Rally,0.5,0.9554415001980725
2021-06-08,3,Low-vol Rally,0.5,0.9264347668840582
2021-06-09,3,Low-vol Rally,0.5,0.49952154984184605
2021-06-10,3,Low-vol Rally,0.5,0.6057771758142287
2021-06-11,3,Low-vol Rally,0.5,0.6146230236832432
2021-06-14,3,Low-vol Rally,0.5,0.5862628069082995
2021-06-15,3,Low-vol Rally,0.5,0.5712729063787417
2021-06-16,3,Low-vol Rally,0.5,0.7795650423079193
2021-06-17,3,Low-vol Rally,0.5,0.9654927843751516
2021-06-18,3,Low-vol Rally,0.5,0.9919057789699945
2021-06-21,3,Low-vol Rally,0.5,0.9952327338074332
2021-06-22,3,Low-vol Rally,0.5,0.996552413582007
2021-06-23,3,Low-vol Rally,0.5,0.9996258895537393
2021-06-24,3,Low-vol Rally,0.5,0.9999533348938741
2021-06-25,3,Low-vol Rally,0.5,0.9999944203274167
2021-06-28,3,Low-vol Rally,0.5,0.9999964093904853
2021-06-29,3,Low-vol Rally,0.5,0.9999980221820356
2021-06-30,3,Low-vol Rally,0.5,0.9999985672740227
2021-07-01,3,Low-vol Rally,0.5,0.9999924949615574
2021-07-02,3,Low-vol Rally,0.5,0.9999074823917267
2021-07-05,3,Low-vol Rally,0.5,0.9989913236943802
2021-07-06,3,Low-vol Rally,0.5,0.9937578171643703
2021-07-07,3,Low-vol Rally,0.5,0.96407400911861
2021-07-08,3,Low-vol Rally,0.5,0.8106219575443806
2021-07-09,3,Low-vol Rally,0.5,0.7813105204791698
2021-07-12,3,Low-vol Rally,0.5,0.6183700783568008
2021-07-13,3,Low-vol Rally,0.5,0.5248405448037432
2021-07-14,3,Low-vol Rally,0.5,0.6526625957045156
2021-07-15,0,Crisis,0.0,0.87293655406115
2021-07-16,0,Crisis,0.0,0.9663612876733255
2021-07-19,0,Crisis,0.0,0.9961050869442205
2021-07-20,0,Crisis,0.0,0.9996081194188062
2021-07-21,0,Crisis,0.0,0.9999710030772399
2021-07-22,0,Crisis,0.0,0.9999964395492217
2021-07-23,0,Crisis,0.0,0.9999889081697222
2021-07-26,0,Crisis,0.0,0.9999985236074266
2021-07-27,0,Crisis,0.0,0.9999999815518097
2021-07-28,0,Crisis,0.0,0.9960806902229868
2021-07-29,4,High-vol Rally,0.5,0.9152169099960471
2021-07-30,4,High-vol Rally,0.5,0.9545993862966186
2021-08-02,4,High-vol Rally,0.5,0.9984993521059662
2021-08-03,4,High-vol Rally,0.5,0.9986805256472105
2021-08-04,4,High-vol Rally,0.5,0.9986720590726799
2021-08-05,4,High-vol Rally,0.5,0.9986598873497092
2021-08-06,4,High-vol Rally,0.5,0.9986049269344026
2021-08-09,4,High-vol Rally,0.5,0.9984688770330278
2021-08-10,4,High-vol Rally,0.5,0.9982837767221294
2021-08-11,4,High-vol Rally,0.5,0.9884615479315825
2021-08-12,4,High-vol Rally,0.5,0.9627621168285312
2021-08-13,4,High-vol Rally,0.5,0.9498777677173575
2021-08-16,4,High-vol Rally,0.5,0.934597131179812
2021-08-17,4,High-vol Rally,0.5,0.9212073450545881
2021-08-18,4,High-vol Rally,0.5,0.9042008434883424
2021-08-19,4,High-vol Rally,0.5,0.7320569971754457
2021-08-20,4,High-vol Rally,0.5,0.6208146793555607
2021-08-23,4,High-vol Rally,0.5,0.6070927834169983
2021-08-24,4,High-vol Rally,0.5,0.524065593823631
2021-08-25,4,High-vol Rally,0.5,0.38718584233110237
2021-08-26,4,High-vol Rally,0.5,0.3592686012160174
2021-08-27,4,High-vol Rally,0.5,0.6184356741145385
2021-08-30,4,High-vol Rally,0.5,0.6384899088909944
2021-08-31,4,High-vol Rally,0.5,0.6052894670976843
2021-09-01,4,High-vol Rally,0.5,0.43703342659700367
2021-09-02,4,High-vol Rally,0.5,0.5097761926418605
2021-09-03,4,High-vol Rally,0.5,0.537654033202863
2021-09-06,2,Low-vol Rally,0.5,0.8306747108011456
2021-09-07,2,Low-vol Rally,0.5,0.9890568400593547
2021-09-08,2,Low-vol Rally,0.5,0.9978801987489972
2021-09-09,2,Low-vol Rally,0.5,0.9968215360587426
2021-09-10,2,Low-vol Rally,0.5,0.9986322979209945
2021-09-13,2,Low-vol Rally,0.5,0.9963937897238797
2021-09-14,2,Low-vol Rally,0.5,0.9872149741150067
2021-09-15,2,Low-vol Rally,0.5,0.977930814786013
2021-09-16,2,Low-vol Rally,0.5,0.9422844762510362
2021-09-17,2,Low-vol Rally,0.5,0.6708657810955755
2021-09-20,4,High-vol Rally,0.5,0.6274599699786964
2021-09-21,4,High-vol Rally,0.5,0.7213090267442086
2021-09-22,4,High-vol Rally,0.5,0.885769681918979
2021-09-23,4,High-vol Rally,0.5,0.9919269037192713
2021-09-24,4,High-vol Rally,0.5,0.9981705450226913
2021-09-27,4,High-vol Rally,0.5,0.9997911378937226
2021-09-28,4,High-vol Rally,0.5,0.9999555008841007
2021-09-29,4,High-vol Rally,0.5,0.9997499255932116
2021-09-30,4,High-vol Rally,0.5,0.9908771951975809
2021-10-01,4,High-vol Rally,0.5,0.9219357311934315
2021-10-04,4,High-vol Rally,0.5,0.6263156761806331
2021-10-05,0,Crisis,0.0,0.9883166387755352
2021-10-06,0,Crisis,0.0,0.9996103706513905
2021-10-07,0,Crisis,0.0,0.968333366934012
2021-10-08,5,High-vol Rally,1.0,0.4616228597998557
2021-10-11,5,High-vol Rally,1.0,0.7180578151156017
2021-10-12,5,High-vol Rally,1.0,0.7600448963587455
2021-10-13,5,High-vol Rally,1.0,0.7823916276533192
2021-10-14,5,High-vol Rally,1.0,0.7600666010125335
2021-10-15,5,High-vol Rally,1.0,0.6340387272116655
2021-10-18,5,High-vol Rally,1.0,0.4122807759027551
2021-10-19,0,Crisis,0.0,0.5619133394685468
2021-10-20,3,Low-vol Rally,0.5,0.9668430271814663
2021-10-21,3,Low-vol Rally,0.5,0.998497663276437
2021-10-22,3,Low-vol Rally,0.5,0.9995686688831332
2021-10-25,3,Low-vol Rally,0.5,0.9999704120648776
2021-10-26,3,Low-vol Rally,0.5,0.9999875363841063
2021-10-27,3,Low-vol Rally,0.5,0.9999879084647344
2021-10-28,3,Low-vol Rally,0.5,0.9999930034272545
2021-10-29,3,Low-vol Rally,0.5,0.9999791121480149
2021-11-01,3,Low-vol Rally,0.5,0.9997966191868259
2021-11-02,3,Low-vol Rally,0.5,0.9996315239925019
2021-11-03,3,Low-vol Rally,0.5,0.9999265886789555
2021-11-04,3,Low-vol Rally,0.5,0.9999629859496109
2021-11-05,3,Low-vol Rally,0.5,0.9998663954594219
2021-11-08,3,Low-vol Rally,0.5,0.9999628820964414
2021-11-09,3,Low-vol Rally,0.5,0.9999895988798697
2021-11-10,3,Low-vol Rally,0.5,0.9999973802694266
2021-11-11,3,Low-vol Rally,0.5,0.9999952010372553
2021-11-12,3,Low-vol Rally,0.5,0.9999947530697091
2021-11-15,3,Low-vol Rally,0.5,0.9999978134279703
2021-11-16,3,Low-vol Rally,0.5,0.9999997913182814
2021-11-17,3,Low-vol Rally,0.5,0.9999999181163763
2021-11-18,3,Low-vol Rally,0.5,0.9999997385203074
2021-11-19,3,Low-vol Rally,0.5,0.9999999836727512
2021-11-22,3,Low-vol Rally,0.5,0.9999999925748853
2021-11-23,3,Low-vol Rally,0.5,0.9999999762367228
2021-11-24,3,Low-vol Rally,0.5,0.9999999952924554
2021-11-25,3,Low-vol Rally,0.5,0.9999999953288352
2021-11-26,3,Low-vol Rally,0.5,0.9999999427345773
2021-11-29,3,Low-vol Rally,0.5,0.9999999538267741
2021-11-30,3,Low-vol Rally,0.5,0.9999929064466987
2021-12-01,3,Low-vol Rally,0.5,0.9999248869952294
2021-12-02,3,Low-vol Rally,0.5,0.9999902410530535
2021-12-03,3,Low-vol Rally,0.5,0.999999515945209
2021-12-06,3,Low-vol Rally,0.5,0.9999999086285285
2021-12-07,3,Low-vol Rally,0.5,0.9999996987935901
2021-12-08,3,Low-vol Rally,0.5,0.9999997604136585
2021-12-09,3,Low-vol Rally,0.5,0.9999998375460696
2021-12-10,3,Low-vol Rally,0.5,0.9999996968581859
2021-12-13,3,Low-vol Rally,0.5,0.9999992515443482
2021-12-14,3,Low-vol Rally,0.5,0.9999991598273373
2021-12-15,3,Low-vol Rally,0.5,0.9999995304862034
2021-12-16,3,Low-vol Rally,0.5,0.9999731556674043
2021-12-17,3,Low-vol Rally,0.5,0.9990688177364273
2021-12-20,3,Low-vol Rally,0.5,0.9906225917057551
2021-12-21,3,Low-vol Rally,0.5,0.9858776558591545
2021-12-22,3,Low-vol Rally,0.5,0.9675326351382859
2021-12-23,3,Low-vol Rally,0.5,0.8995079054951052
2021-12-24,3,Low-vol Rally,0.5,0.6672313564315271
2021-12-27,0,Crisis,0.0,0.8338717350144315
2021-12-28,0,Crisis,0.0,0.9655816092995235
2021-12-29,0,Crisis,0.0,0.9846675866719978
2021-12-30,0,Crisis,0.0,0.9910327068611072
2021-12-31,0,Crisis,0.0,0.9935107324336028
2022-01-03,0,Crisis,0.0,0.995100386200766
2022-01-04,0,Crisis,0.0,0.9951491134590142
2022-01-05,0,Crisis,0.0,0.9966948312572932
2022-01-06,0,Crisis,0.0,0.9972031885206722
2022-01-07,0,Crisis,0.0,0.9989382298349514
2022-01-10,0,Crisis,0.0,0.9982016339372963
2022-01-11,0,Crisis,0.0,0.9994359664031007
2022-01-12,0,Crisis,0.0,0.9978482505655504
2022-01-13,0,Crisis,0.0,0.999293313387853
2022-01-14,0,Crisis,0.0,0.9993974780441431
2022-01-17,0,Crisis,0.0,0.9955221032181055
2022-01-18,0,Crisis,0.0,0.9962536551491966
2022-01-19,0,Crisis,0.0,0.9999654937733777
2022-01-20,0,Crisis,0.0,0.9999797569664972
2022-01-21,0,Crisis,0.0,0.9997509188918087
2022-01-24,0,Crisis,0.0,0.9999411876320864
2022-01-25,0,Crisis,0.0,0.9999991326116411
2022-01-26,0,Crisis,0.0,0.9999571513957399
2022-01-27,0,Crisis,0.0,0.9999999998472049
2022-01-28,0,Crisis,0.0,0.9999998460480247
2022-01-31,0,Crisis,0.0,0.9999508056448568
2022-02-01,0,Crisis,0.0,0.9990492645468413
2022-02-02,0,Crisis,0.0,0.96268812982379
2022-02-03,0,Crisis,0.0,0.7227766544288728
2022-02-04,0,Crisis,0.0,0.7343387995149459
2022-02-07,0,Crisis,0.0,0.7947496510978521
2022-02-08,0,Crisis,0.0,0.823182549673514
2022-02-09,0,Crisis,0.0,0.8472014982005313
2022-02-10,0,Crisis,0.0,0.8900163818530019
2022-02-11,0,Crisis,0.0,0.9161777894975541
2022-02-14,0,Crisis,0.0,0.9178604950907727
2022-02-15,0,Crisis,0.0,0.9163541734848432
2022-02-16,0,Crisis,0.0,0.8467118933557641
2022-02-17,0,Crisis,0.0,0.8592106259239529
2022-02-18,0,Crisis,0.0,0.8957787290833615
2022-02-21,0,Crisis,0.0,0.9907552309101247
2022-02-22,0,Crisis,0.0,0.9993270730320096
2022-02-23,0,Crisis,0.0,0.9999889655654789
2022-02-24,0,Crisis,0.0,0.9999963969631943
2022-02-25,0,Crisis,0.0,0.9999657191966191
2022-02-28,0,Crisis,0.0,0.9999810861597038
2022-03-01,0,Crisis,0.0,0.9999564415912584
2022-03-02,0,Crisis,0.0,0.999923358319758
2022-03-03,0,Crisis,0.0,0.9999876231924784
2022-03-04,0,Crisis,0.0,0.9999692285060211
2022-03-07,0,Crisis,0.0,0.9999999465799206
2022-03-08,0,Crisis,0.0,0.999999873485657
2022-03-09,0,Crisis,0.0,0.9999994921855812
2022-03-10,0,Crisis,0.0,0.9999587504566524
2022-03-11,0,Crisis,0.0,0.9999900398311536
2022-03-14,0,Crisis,0.0,0.9999999651190598
2022-03-15,0,Crisis,0.0,0.9999999549581854
2022-03-16,5,High-vol Rally,1.0,0.9945580942927833
2022-03-17,5,High-vol Rally,1.0,0.9999066255200031
2022-03-18,5,High-vol Rally,1.0,0.9999976628014365
2022-03-21,5,High-vol Rally,1.0,0.9999979893820841
2022-03-22,5,High-vol Rally,1.0,0.9999999966967152
2022-03-23,5,High-vol Rally,1.0,0.9999945149616358
2022-03-24,5,High-vol Rally,1.0,0.979681345611804
2022-03-25,4,High-vol Rally,0.5,0.7559607759320544
2022-03-28,4,High-vol Rally,0.5,0.5336930340822639
2022-03-29,4,High-vol Rally,0.5,0.6346183251973876
2022-03-30,4,High-vol Rally,0.5,0.8101921776185197
2022-03-31,4,High-vol Rally,0.5,0.8813919941344853
2022-04-01,4,High-vol Rally,0.5,0.9099213370073373
2022-04-04,4,High-vol Rally,0.5,0.9289819973405874
2022-04-05,4,High-vol Rally,0.5,0.9943391293177167
2022-04-06,4,High-vol Rally,0.5,0.9999650082583219
2022-04-07,4,High-vol Rally,0.5,0.9999996765400806
2022-04-08,4,High-vol Rally,0.5,0.9999999825340639
2022-04-11,4,High-vol Rally,0.5,0.9999999962492438
2022-04-12,4,High-vol Rally,0.5,0.9999998283419848
2022-04-13,4,High-vol Rally,0.5,0.9999155390414565
2022-04-14,4,High-vol Rally,0.5,0.9999314026672855
2022-04-15,4,High-vol Rally,0.5,0.9999928556099448
2022-04-18,4,High-vol Rally,0.5,0.99999519307012
2022-04-19,4,High-vol Rally,0.5,0.9999870686805756
2022-04-20,4,High-vol Rally,0.5,0.999993697498064
2022-04-21,4,High-vol Rally,0.5,0.9999816033796917
2022-04-22,4,High-vol Rally,0.5,0.9999902459460872
2022-04-25,4,High-vol Rally,0.5,0.9880449134176926
2022-04-26,4,High-vol Rally,0.5,0.9999194693568455
2022-04-27,4,High-vol Rally,0.5,0.9999964122681162
2022-04-28,4,High-vol Rally,0.5,0.9999647733077098
2022-04-29,4,High-vol Rally,0.5,0.9995708681497351
2022-05-02,4,High-vol Rally,0.5,0.999910412131245
2022-05-03,4,High-vol Rally,0.5,0.9999821689187188
2022-05-04,4,High-vol Rally,0.5,0.9999745541171878
2022-05-05,4,High-vol Rally,0.5,0.9998945386968094
2022-05-06,4,High-vol Rally,0.5,0.996108821529393
2022-05-09,4,High-vol Rally,0.5,0.9917606122050874
2022-05-10,4,High-vol Rally,0.5,0.9885000115262494
2022-05-11,4,High-vol Rally,0.5,0.9766227121624321
2022-05-12,4,High-vol Rally,0.5,0.7110020322497285
2022-05-13,5,High-vol Rally,1.0,0.7224816056279895
2022-05-16,5,High-vol Rally,1.0,0.7520905058295628
2022-05-17,5,High-vol Rally,1.0,0.9093745567033042
2022-05-18,5,High-vol Rally,1.0,0.9258326110781007
2022-05-19,5,High-vol Rally,1.0,0.9437461094660079
2022-05-20,5,High-vol Rally,1.0,0.9698413337742907
2022-05-23,5,High-vol Rally,1.0,0.9631396175762117
2022-05-24,5,High-vol Rally,1.0,0.9564289887717576
2022-05-25,5,High-vol Rally,1.0,0.9560904849420124
2022-05-26,5,High-vol Rally,1.0,0.9630997311224581
2022-05-27,5,High-vol Rally,1.0,0.9975579541682329
2022-05-30,5,High-vol Rally,1.0,0.9999701099870151
2022-05-31,5,High-vol Rally,1.0,0.9999996949155058
2022-06-01,5,High-vol Rally,1.0,0.9999991304761494
2022-06-02,5,High-vol Rally,1.0,0.9999241830266996
2022-06-03,5,High-vol Rally,1.0,0.9993683978443029
2022-06-06,5,High-vol Rally,1.0,0.9904602960528467
2022-06-07,5,High-vol Rally,1.0,0.923007146808389
2022-06-08,5,High-vol Rally,1.0,0.8507069543222794
2022-06-09,5,High-vol Rally,1.0,0.5474544289550162
2022-06-10,5,High-vol Rally,1.0,0.5007730769623446
2022-06-13,0,Crisis,0.0,0.9960284692724479
2022-06-14,0,Crisis,0.0,0.9987364881675087
2022-06-15,0,Crisis,0.0,0.9999978255424133
2022-06-16,0,Crisis,0.0,0.9999914949292065
2022-06-17,0,Crisis,0.0,0.9999971825858337
2022-06-20,0,Crisis,0.0,0.9999916128132761
2022-06-21,0,Crisis,0.0,0.9999217594063844
2022-06-22,0,Crisis,0.0,0.999997802252124
2022-06-23,0,Crisis,0.0,0.999974145458959
2022-06-24,0,Crisis,0.0,0.5236871668674484
2022-06-27,1,High-vol Rally,0.5,0.9603924024950417
2022-06-28,1,High-vol Rally,0.5,0.9973966898515805
2022-06-29,1,High-vol Rally,0.5,0.9999787804513668
2022-06-30,1,High-vol Rally,0.5,0.9999816468672913
2022-07-01,1,High-vol Rally,0.5,0.9999819619323509
2022-07-04,1,High-vol Rally,0.5,0.9999869944995118
2022-07-05,1,High-vol Rally,0.5,0.9999999436731757
2022-07-06,1,High-vol Rally,0.5,0.9999999717983887
2022-07-07,1,High-vol Rally,0.5,0.9999999805622795
2022-07-08,1,High-vol Rally,0.5,0.9999966634514933
2022-07-11,1,High-vol Rally,0.5,0.9939207002128689
2022-07-12,1,High-vol Rally,0.5,0.8383536412896088
2022-07-13,4,High-vol Rally,0.5,0.5186536281343374
2022-07-14,4,High-vol Rally,0.5,0.8566295655655849
2022-07-15,4,High-vol Rally,0.5,0.8709430959977882
2022-07-18,4,High-vol Rally,0.5,0.8477876822880167
2022-07-19,4,High-vol Rally,0.5,0.9740235830288038
2022-07-20,4,High-vol Rally,0.5,0.9872660405893572
2022-07-21,4,High-vol Rally,0.5,0.9983843592457649
2022-07-22,4,High-vol Rally,0.5,0.9991086069509031
2022-07-25,4,High-vol Rally,0.5,0.9958867448898393
2022-07-26,4,High-vol Rally,0.5,0.9860641735201466
2022-07-27,4,High-vol Rally,0.5,0.9371674954412078
2022-07-28,4,High-vol Rally,0.5,0.8954525423851777
2022-07-29,4,High-vol Rally,0.5,0.8915972709948422
2022-08-01,4,High-vol Rally,0.5,0.8910279363370911
2022-08-02,4,High-vol Rally,0.5,0.8908034302972309
2022-08-03,4,High-vol Rally,0.5,0.8924799916193159
2022-08-04,4,High-vol Rally,0.5,0.9024463147174437
2022-08-05,4,High-vol Rally,0.5,0.9051395611328779
2022-08-08,4,High-vol Rally,0.5,0.9194163553063621
2022-08-09,4,High-vol Rally,0.5,0.9504441752396254
2022-08-10,4,High-vol Rally,0.5,0.9985945598803115
2022-08-11,4,High-vol Rally,0.5,0.9998333068884122
2022-08-12,4,High-vol Rally,0.5,0.9999863798020542
2022-08-15,4,High-vol Rally,0.5,0.99998051142102
2022-08-16,4,High-vol Rally,0.5,0.999965043450898
2022-08-17,4,High-vol Rally,0.5,0.999998445489226
2022-08-18,4,High-vol Rally,0.5,0.9999240440628175
2022-08-19,4,High-vol Rally,0.5,0.9999871148568446
2022-08-22,4,High-vol Rally,0.5,0.9999927152068037
2022-08-23,4,High-vol Rally,0.5,0.9999663998720925
2022-08-24,4,High-vol Rally,0.5,0.9998394783462434
2022-08-25,4,High-vol Rally,0.5,0.999956286736534
2022-08-26,4,High-vol Rally,0.5,0.9985890050150129
2022-08-29,4,High-vol Rally,0.5,0.982562438342203
2022-08-30,4,High-vol Rally,0.5,0.8028431109754302
2022-08-31,0,Crisis,0.0,0.5874925818057878
2022-09-01,0,Crisis,0.0,0.9517775102856109
2022-09-02,0,Crisis,0.0,0.9969170184830622
2022-09-05,0,Crisis,0.0,0.9995313513695263
2022-09-06,0,Crisis,0.0,0.9997762299645238
2022-09-07,0,Crisis,0.0,0.996507418612199
2022-09-08,0,Crisis,0.0,0.8961597563773985
2022-09-09,0,Crisis,0.0,0.6550918783304273
2022-09-12,0,Crisis,0.0,0.6129557531258857
2022-09-13,0,Crisis,0.0,0.5656923509423558
2022-09-14,0,Crisis,0.0,0.8134662277470028
2022-09-15,0,Crisis,0.0,0.9817606456392959
2022-09-16,0,Crisis,0.0,0.998737816285846
2022-09-19,0,Crisis,0.0,0.999923749554468
2022-09-20,0,Crisis,0.0,0.9999915766011395
2022-09-21,0,Crisis,0.0,0.9999561540579799
2022-09-22,0,Crisis,0.0,0.999956149165113
2022-09-23,0,Crisis,0.0,0.9999121840371744
2022-09-26,0,Crisis,0.0,0.9999952881009501
2022-09-27,0,Crisis,0.0,0.9999610667885815
2022-09-28,0,Crisis,0.0,0.9999998062048877
2022-09-29,0,Crisis,0.0,0.99999482839003
2022-09-30,0,Crisis,0.0,0.9999913384247016
2022-10-03,0,Crisis,0.0,0.9992212677264196
2022-10-04,0,Crisis,0.0,0.802522542233039
2022-10-05,5,High-vol Rally,1.0,0.9312565562926042
2022-10-06,5,High-vol Rally,1.0,0.9973102466874011
2022-10-07,5,High-vol Rally,1.0,0.9992325896920625
2022-10-10,5,High-vol Rally,1.0,0.9978792042196927
2022-10-11,5,High-vol Rally,1.0,0.9884287357511771
2022-10-12,5,High-vol Rally,1.0,0.9612232892252442
2022-10-13,5,High-vol Rally,1.0,0.9517360723775088
2022-10-14,5,High-vol Rally,1.0,0.9862999096889863
2022-10-17,5,High-vol Rally,1.0,0.9913465291194349
2022-10-18,5,High-vol Rally,1.0,0.9915773177757085
2022-10-19,5,High-vol Rally,1.0,0.99144472556259
2022-10-20,5,High-vol Rally,1.0,0.9862067788971369
2022-10-21,0,Crisis,0.0,0.6814902383782189
2022-10-24,1,High-vol Rally,0.5,0.68598583851391
2022-10-25,1,High-vol Rally,0.5,0.6915058186484363
2022-10-26,1,High-vol Rally,0.5,0.7187042500806584
2022-10-27,1,High-vol Rally,0.5,0.7746661840251391
2022-10-28,1,High-vol Rally,0.5,0.9005394230042661
2022-10-31,1,High-vol Rally,0.5,0.9737852359747794
2022-11-01,1,High-vol Rally,0.5,0.98167787458969
2022-11-02,1,High-vol Rally,0.5,0.9816727506969516
2022-11-03,1,High-vol Rally,0.5,0.9816727506290968
2022-11-04,1,High-vol Rally,0.5,0.981684054887689
2022-11-07,1,High-vol Rally,0.5,0.9816840550662562
2022-11-08,1,High-vol Rally,0.5,0.9816840550412568
2022-11-09,1,High-vol Rally,0.5,0.981684067694535
2022-11-10,1,High-vol Rally,0.5,0.9817229816714249
2022-11-11,1,High-vol Rally,0.5,0.9818476959501251
2022-11-14,1,High-vol Rally,0.5,0.9818476959501251
2022-11-15,1,High-vol Rally,0.5,0.9818476960037043
2022-11-16,1,High-vol Rally,0.5,0.9818476960037043
2022-11-17,1,High-vol Rally,0.5,0.9818476961180064
2022-11-18,1,High-vol Rally,0.5,0.9818477025332126
2022-11-21,1,High-vol Rally,0.5,0.9818676064910814
2022-11-22,1,High-vol Rally,0.5,0.9819992036694479
2022-11-23,1,High-vol Rally,0.5,0.9994619873578808
2022-11-24,1,High-vol Rally,0.5,0.999853180448268
2022-11-25,1,High-vol Rally,0.5,0.9998597962654532
2022-11-28,1,High-vol Rally,0.5,0.9999058324567888
2022-11-29,1,High-vol Rally,0.5,0.9999999531391961
2022-11-30,1,High-vol Rally,0.5,0.9999999594328991
2022-12-01,1,High-vol Rally,0.5,0.9999999595311245
2022-12-02,1,High-vol Rally,0.5,0.9999999597603172
2022-12-05,1,High-vol Rally,0.5,0.9999999956526153
2022-12-06,1,High-vol Rally,0.5,0.9999999977408152
2022-12-07,1,High-vol Rally,0.5,0.999999999665306
2022-12-08,1,High-vol Rally,0.5,0.9999999996398401
2022-12-09,1,High-vol Rally,0.5,0.9999999996325641
2022-12-12,1,High-vol Rally,0.5,0.9999999991596269
2022-12-13,1,High-vol Rally,0.5,0.9999997768864226
2022-12-14,1,High-vol Rally,0.5,0.9999984658000303
2022-12-15,1,High-vol Rally,0.5,0.9999763519294406
2022-12-16,1,High-vol Rally,0.5,0.9999500699110235
2022-12-19,1,High-vol Rally,0.5,0.9722439706896597
2022-12-20,1,High-vol Rally,0.5,0.7647420369192006
2022-12-21,4,High-vol Rally,0.5,0.6843666439346526
2022-12-22,5,High-vol Rally,1.0,0.898820990644299
2022-12-23,5,High-vol Rally,1.0,0.9825678424987739
2022-12-26,5,High-vol Rally,1.0,0.997411176992772
2022-12-27,5,High-vol Rally,1.0,0.9987245019841334
2022-12-28,5,High-vol Rally,1.0,0.9987025009262451
2022-12-29,5,High-vol Rally,1.0,0.9986862010734073
2022-12-30,5,High-vol Rally,1.0,0.9995948393167486
2023-01-02,5,High-vol Rally,1.0,0.999416529334314
2023-01-03,5,High-vol Rally,1.0,0.9984941098891948
2023-01-04,5,High-vol Rally,1.0,0.9998984200911103
2023-01-05,5,High-vol Rally,1.0,0.9999997368723035
2023-01-06,5,High-vol Rally,1.0,0.9999997855084305
2023-01-09,5,High-vol Rally,1.0,0.9999999992396624
2023-01-10,5,High-vol Rally,1.0,0.9999999877036317
2023-01-11,5,High-vol Rally,1.0,0.9999999958381522
2023-01-12,5,High-vol Rally,1.0,0.9999999968131306
2023-01-13,5,High-vol Rally,1.0,0.9999999908613972
2023-01-16,5,High-vol Rally,1.0,0.9999998985986218
2023-01-17,5,High-vol Rally,1.0,0.9999999325336852
2023-01-18,5,High-vol Rally,1.0,0.9999999155734294
2023-01-19,5,High-vol Rally,1.0,0.9999996935476262
2023-01-20,5,High-vol Rally,1.0,0.9999998622188381
2023-01-23,5,High-vol Rally,1.0,0.999999839485112
2023-01-24,5,High-vol Rally,1.0,0.9999999148858515
2023-01-25,5,High-vol Rally,1.0,0.9999990304427382
2023-01-26,5,High-vol Rally,1.0,0.9999993275816892
2023-01-27,5,High-vol Rally,1.0,0.9997912910061042
2023-01-30,5,High-vol Rally,1.0,0.9987215738554371
2023-01-31,5,High-vol Rally,1.0,0.7267379365563221
2023-02-01,4,High-vol Rally,0.5,0.7767576005278537
2023-02-02,4,High-vol Rally,0.5,0.914055179884168
2023-02-03,4,High-vol Rally,0.5,0.9476849631899593
2023-02-06,4,High-vol Rally,0.5,0.9742070435404123
2023-02-07,4,High-vol Rally,0.5,0.9810136117178563
2023-02-08,4,High-vol Rally,0.5,0.9729831607349178
2023-02-09,4,High-vol Rally,0.5,0.9865059186885468
2023-02-10,4,High-vol Rally,0.5,0.9914653759958004
2023-02-13,4,High-vol Rally,0.5,0.9977946447701677
2023-02-14,4,High-vol Rally,0.5,0.998924707732938
2023-02-15,4,High-vol Rally,0.5,0.9987981565675969
2023-02-16,4,High-vol Rally,0.5,0.9984242711871283
2023-02-17,4,High-vol Rally,0.5,0.999681692214833
2023-02-20,4,High-vol Rally,0.5,0.9999012824208069
2023-02-21,4,High-vol Rally,0.5,0.9999447247062224
2023-02-22,4,High-vol Rally,0.5,0.9998902403271996
2023-02-23,4,High-vol Rally,0.5,0.9982636136589078
2023-02-24,4,High-vol Rally,0.5,0.9952077127964309
2023-02-27,4,High-vol Rally,0.5,0.9864156932272279
2023-02-28,4,High-vol Rally,0.5,0.9853633203743678
2023-03-01,4,High-vol Rally,0.5,0.9885626937236122
2023-03-02,4,High-vol Rally,0.5,0.9995395408081889
2023-03-03,4,High-vol Rally,0.5,0.9998009597244015
2023-03-06,4,High-vol Rally,0.5,0.9838903753119799
2023-03-07,4,High-vol Rally,0.5,0.7148966614655425
2023-03-08,2,Low-vol Rally,0.5,0.9553630873942545
2023-03-09,2,Low-vol Rally,0.5,0.9872807717129124
2023-03-10,2,Low-vol Rally,0.5,0.5676598840035346
2023-03-13,0,Crisis,0.0,0.9717671780513646
2023-03-14,0,Crisis,0.0,0.9992036548514294
2023-03-15,0,Crisis,0.0,0.7066094430693752
2023-03-16,4,High-vol Rally,0.5,0.9772798593117153
2023-03-17,4,High-vol Rally,0.5,0.9996617860779334
2023-03-20,4,High-vol Rally,0.5,0.9999631193311755
2023-03-21,4,High-vol Rally,0.5,0.9999930019320558
2023-03-22,4,High-vol Rally,0.5,0.999984264479394
2023-03-23,4,High-vol Rally,0.5,0.9999822772339743
2023-03-24,4,High-vol Rally,0.5,0.9999970664036766
2023-03-27,4,High-vol Rally,0.5,0.9999984628787378
2023-03-28,4,High-vol Rally,0.5,0.9999627175858838
2023-03-29,4,High-vol Rally,0.5,0.9998747330313437
2023-03-30,4,High-vol Rally,0.5,0.998002174578478
2023-03-31,4,High-vol Rally,0.5,0.9948055340711944
2023-04-03,4,High-vol Rally,0.5,0.9779020910748938
2023-04-04,4,High-vol Rally,0.5,0.9548068293495471
2023-04-05,4,High-vol Rally,0.5,0.9374088776726213
2023-04-06,4,High-vol Rally,0.5,0.9414017158519644
2023-04-07,4,High-vol Rally,0.5,0.9425656020644985
2023-04-10,4,High-vol Rally,0.5,0.9634923960002502
2023-04-11,4,High-vol Rally,0.5,0.9853630122739666
2023-04-12,4,High-vol Rally,0.5,0.9966818270261136
2023-04-13,4,High-vol Rally,0.5,0.9993193016136253
2023-04-14,4,High-vol Rally,0.5,0.9999252778340275
2023-04-17,4,High-vol Rally,0.5,0.9992445820132355
2023-04-18,4,High-vol Rally,0.5,0.9861587235011235
2023-04-19,4,High-vol Rally,0.5,0.7053182402572256
2023-04-20,2,Low-vol Rally,0.5,0.635175280799529
2023-04-21,2,Low-vol Rally,0.5,0.9357622166737749
2023-04-24,2,Low-vol Rally,0.5,0.9947421043696327
2023-04-25,2,Low-vol Rally,0.5,0.9998452998099265
2023-04-26,2,Low-vol Rally,0.5,0.9999796452318842
2023-04-27,2,Low-vol Rally,0.5,0.9999243850756571
2023-04-28,2,Low-vol Rally,0.5,0.999939700831407
2023-05-01,2,Low-vol Rally,0.5,0.9999636221614632
2023-05-02,2,Low-vol Rally,0.5,0.9999565617375581
2023-05-03,2,Low-vol Rally,0.5,0.9999657737244156
2023-05-04,2,Low-vol Rally,0.5,0.9999169910663956
2023-05-05,2,Low-vol Rally,0.5,0.9996037230102658
2023-05-08,2,Low-vol Rally,0.5,0.9987189122210162
2023-05-09,2,Low-vol Rally,0.5,0.9975559225849452
2023-05-10,2,Low-vol Rally,0.5,0.9966568577925161
2023-05-11,2,Low-vol Rally,0.5,0.9966135688509832
2023-05-12,2,Low-vol Rally,0.5,0.9960796863985747
2023-05-15,2,Low-vol Rally,0.5,0.9956409915509384
2023-05-16,2,Low-vol Rally,0.5,0.9902674193392086
2023-05-17,2,Low-vol Rally,0.5,0.9849039546318759
2023-05-18,2,Low-vol Rally,0.5,0.9886723164866769
2023-05-19,2,Low-vol Rally,0.5,0.993083431221961
2023-05-22,2,Low-vol Rally,0.5,0.9993665899380928
2023-05-23,2,Low-vol Rally,0.5,0.9999822516994539
2023-05-24,2,Low-vol Rally,0.5,0.9999814187193017
2023-05-25,2,Low-vol Rally,0.5,0.9999236708382503
2023-05-26,2,Low-vol Rally,0.5,0.9996795917529968
2023-05-29,2,Low-vol Rally,0.5,0.9995557737159266
2023-05-30,2,Low-vol Rally,0.5,0.9987884358199423
2023-05-31,2,Low-vol Rally,0.5,0.976530439372732
2023-06-01,4,High-vol Rally,0.5,0.9015157855564038
2023-06-02,4,High-vol Rally,0.5,0.9999955088197466
2023-06-05,4,High-vol Rally,0.5,0.9999996176412245
2023-06-06,4,High-vol Rally,0.5,0.9999995388790166
2023-06-07,4,High-vol Rally,0.5,0.999992833327484
2023-06-08,4,High-vol Rally,0.5,0.9998933722553192
2023-06-09,4,High-vol Rally,0.5,0.9790288129772418
2023-06-12,4,High-vol Rally,0.5,0.9024917519004704
2023-06-13,4,High-vol Rally,0.5,0.6330245617355075
2023-06-14,2,Low-vol Rally,0.5,0.9211570383718382
2023-06-15,2,Low-vol Rally,0.5,0.9958326907213491
2023-06-16,2,Low-vol Rally,0.5,0.9980678651242424
2023-06-19,2,Low-vol Rally,0.5,0.9981435718342325
2023-06-20,2,Low-vol Rally,0.5,0.9991039965788776
2023-06-21,2,Low-vol Rally,0.5,0.9999565112446069
2023-06-22,2,Low-vol Rally,0.5,0.9999924231738629
2023-06-23,2,Low-vol Rally,0.5,0.9999798985756037
2023-06-26,2,Low-vol Rally,0.5,0.9999499266000146
2023-06-27,2,Low-vol Rally,0.5,0.9995282160009329
2023-06-28,2,Low-vol Rally,0.5,0.9999828014721186
2023-06-29,2,Low-vol Rally,0.5,0.9999954874721831
2023-06-30,2,Low-vol Rally,0.5,0.9999740244301786
2023-07-03,2,Low-vol Rally,0.5,0.9997163771002242
2023-07-04,2,Low-vol Rally,0.5,0.9999765048701025
2023-07-05,2,Low-vol Rally,0.5,0.9998229957038064
2023-07-06,2,Low-vol Rally,0.5,0.9963968329684378
2023-07-07,2,Low-vol Rally,0.5,0.9893363073651167
2023-07-10,2,Low-vol Rally,0.5,0.8769783333095186
2023-07-11,2,Low-vol Rally,0.5,0.5550936948573194
2023-07-12,4,High-vol Rally,0.5,0.6554115321106594
2023-07-13,4,High-vol Rally,0.5,0.9403060337782077
2023-07-14,4,High-vol Rally,0.5,0.940602462363862
2023-07-17,4,High-vol Rally,0.5,0.9439029832888924
2023-07-18,4,High-vol Rally,0.5,0.9462978915593697
2023-07-19,4,High-vol Rally,0.5,0.7268416328423902
2023-07-20,2,Low-vol Rally,0.5,0.8940557350707853
2023-07-21,2,Low-vol Rally,0.5,0.9518423017479494
2023-07-24,2,Low-vol Rally,0.5,0.9566297375186222
2023-07-25,3,Low-vol Rally,0.5,0.9405153837443166
2023-07-26,3,Low-vol Rally,0.5,0.9558388011261213
2023-07-27,3,Low-vol Rally,0.5,0.9560298157647106
2023-07-28,3,Low-vol Rally,0.5,0.9560476754578092
2023-07-31,3,Low-vol Rally,0.5,0.9560541530407558
2023-08-01,3,Low-vol Rally,0.5,0.956050865503542
2023-08-02,3,Low-vol Rally,0.5,0.9560513673820287
2023-08-03,3,Low-vol Rally,0.5,0.9561180817589794
2023-08-04,3,Low-vol Rally,0.5,0.9567295074962244
2023-08-07,3,Low-vol Rally,0.5,0.955478703271094
2023-08-08,3,Low-vol Rally,0.5,0.9183274572745747
2023-08-09,3,Low-vol Rally,0.5,0.7914700160523023
2023-08-10,3,Low-vol Rally,0.5,0.488789327919757
2023-08-11,2,Low-vol Rally,0.5,0.9271248039052596
2023-08-14,2,Low-vol Rally,0.5,0.9837338615665642
2023-08-15,2,Low-vol Rally,0.5,0.9782217449132622
2023-08-16,2,Low-vol Rally,0.5,0.8436948116877733
2023-08-17,0,Crisis,0.0,0.5794161384499956
2023-08-18,0,Crisis,0.0,0.9105760054382238
2023-08-21,0,Crisis,0.0,0.984058472316534
2023-08-22,0,Crisis,0.0,0.9189480027151512
2023-08-23,0,Crisis,0.0,0.7999120969435081
2023-08-24,0,Crisis,0.0,0.5205332241381275
2023-08-25,4,High-vol Rally,0.5,0.7710247437557648
2023-08-28,4,High-vol Rally,0.5,0.8816886954222309
2023-08-29,4,High-vol Rally,0.5,0.9909861098734002
2023-08-30,4,High-vol Rally,0.5,0.99767373891904
2023-08-31,4,High-vol Rally,0.5,0.9991992057248736
2023-09-01,4,High-vol Rally,0.5,0.999726780262983
2023-09-04,4,High-vol Rally,0.5,0.9998999876545733
2023-09-05,4,High-vol Rally,0.5,0.9999788200026339
2023-09-06,4,High-vol Rally,0.5,0.999903935849623
2023-09-07,4,High-vol Rally,0.5,0.9995629108487021
2023-09-08,4,High-vol Rally,0.5,0.9950773775600251
2023-09-11,4,High-vol Rally,0.5,0.9788377971301695
2023-09-12,4,High-vol Rally,0.5,0.9094328519327947
2023-09-13,2,Low-vol Rally,0.5,0.5746520858875571
2023-09-14,2,Low-vol Rally,0.5,0.8119482315170278
2023-09-15,2,Low-vol Rally,0.5,0.9275304878819792
2023-09-18,2,Low-vol Rally,0.5,0.9589274017558782
2023-09-19,2,Low-vol Rally,0.5,0.9486658079150115
2023-09-20,2,Low-vol Rally,0.5,0.7845963627719782
2023-09-21,0,Crisis,0.0,0.5824304788239889
2023-09-22,0,Crisis,0.0,0.7552518336497119
2023-09-25,0,Crisis,0.0,0.8893331664771063
2023-09-26,0,Crisis,0.0,0.9896741060248796
2023-09-27,0,Crisis,0.0,0.9987970579763368
2023-09-28,0,Crisis,0.0,0.9997017555236898
2023-09-29,0,Crisis,0.0,0.9987519563509656
2023-10-02,0,Crisis,0.0,0.9992769062069012
2023-10-03,0,Crisis,0.0,0.9982893551556531
2023-10-04,0,Crisis,0.0,0.9999919233595046
2023-10-05,0,Crisis,0.0,0.9999938538137644
2023-10-06,0,Crisis,0.0,0.9999902860471372
2023-10-09,0,Crisis,0.0,0.9999472353616811
2023-10-10,0,Crisis,0.0,0.9783139458791824
2023-10-11,0,Crisis,0.0,0.6508647293171764
2023-10-12,0,Crisis,0.0,0.5528047087378672
2023-10-13,0,Crisis,0.0,0.5260005737747169
2023-10-16,0,Crisis,0.0,0.49844068727228275
2023-10-17,0,Crisis,0.0,0.8227386114039428
2023-10-18,0,Crisis,0.0,0.9355324081882748
2023-10-19,0,Crisis,0.0,0.9876637401322055
2023-10-20,0,Crisis,0.0,0.9993532521699061
2023-10-23,0,Crisis,0.0,0.9999191655701095
2023-10-24,0,Crisis,0.0,0.9996849073987193
2023-10-25,0,Crisis,0.0,0.9998244824437155
2023-10-26,0,Crisis,0.0,0.9997859525132178
2023-10-27,0,Crisis,0.0,0.9998954149611246
2023-10-30,0,Crisis,0.0,0.99995342523159
2023-10-31,0,Crisis,0.0,0.9997986158511204
2023-11-01,0,Crisis,0.0,0.9999149848096119
2023-11-02,0,Crisis,0.0,0.9967282632215961
2023-11-03,0,Crisis,0.0,0.9416563415560503
2023-11-06,1,High-vol Rally,0.5,0.9999999977808329
2023-11-07,1,High-vol Rally,0.5,0.9999999998435669
2023-11-08,1,High-vol Rally,0.5,0.999999999836291
2023-11-09,1,High-vol Rally,0.5,0.9999999996980478
2023-11-10,1,High-vol Rally,0.5,0.9999999984247552
2023-11-13,1,High-vol Rally,0.5,0.999999998453859
2023-11-14,1,High-vol Rally,0.5,0.9999999969404598
2023-11-15,1,High-vol Rally,0.5,0.9999999969477358
2023-11-16,1,High-vol Rally,0.5,0.9999999921419658
2023-11-17,1,High-vol Rally,0.5,0.999999982501322
2023-11-20,1,High-vol Rally,0.5,0.9999999814062905
2023-11-21,1,High-vol Rally,0.5,0.9999997787199636
2023-11-22,1,High-vol Rally,0.5,0.9999989560352325
2023-11-23,1,High-vol Rally,0.5,0.9999984685139583
2023-11-24,1,High-vol Rally,0.5,0.9999961892353745
2023-11-27,1,High-vol Rally,0.5,0.9999346182796051
2023-11-28,1,High-vol Rally,0.5,0.9998400483807371
2023-11-29,1,High-vol Rally,0.5,0.9995557914213768
2023-11-30,1,High-vol Rally,0.5,0.9845298209651548
2023-12-01,1,High-vol Rally,0.5,0.8998158750629416
2023-12-04,1,High-vol Rally,0.5,0.5120505444560862
2023-12-05,4,High-vol Rally,0.5,0.9905769722960127
2023-12-06,4,High-vol Rally,0.5,0.9963262784956224
2023-12-07,4,High-vol Rally,0.5,0.9876137114412267
2023-12-08,4,High-vol Rally,0.5,0.982878498860807
2023-12-11,4,High-vol Rally,0.5,0.9905188921561245
2023-12-12,4,High-vol Rally,0.5,0.9994301039972546
2023-12-13,4,High-vol Rally,0.5,0.9999109181143391
2023-12-14,4,High-vol Rally,0.5,0.9995789747938941
2023-12-15,4,High-vol Rally,0.5,0.9999569463789744
2023-12-18,4,High-vol Rally,0.5,0.9995859744954729
2023-12-19,4,High-vol Rally,0.5,0.9995565565414908
2023-12-20,4,High-vol Rally,0.5,0.9978959344324339
2023-12-21,4,High-vol Rally,0.5,0.9994486125348893
2023-12-22,4,High-vol Rally,0.5,0.9994573347773745
2023-12-25,4,High-vol Rally,0.5,0.9994862384176456
2023-12-26,4,High-vol Rally,0.5,0.999288036094634
2023-12-27,4,High-vol Rally,0.5,0.9994230207402542
2023-12-28,4,High-vol Rally,0.5,0.9980076009700266
2023-12-29,4,High-vol Rally,0.5,0.9981518183298009
